"","submodel","R2","pval","p.adj"
"heatwave--","heatwave--","0.181668182216489","0.03781521221553",0.05042028295404
"post_1day--","post_1day--","0.23828551209037","0.0181201241111027",0.05042028295404
"post_6day--","post_6day--","0.193678693777378","0.0313892626282047",0.05042028295404
"pre_heatwave--","pre_heatwave--","0.0405274036295289","0.345531714193489",0.345531714193489
